<?xml version="1.0" encoding="UTF-8"?>
<project xmlns="http://maven.apache.org/POM/4.0.0" xmlns:xsi="http://www.w3.org/2001/XMLSchema-instance" xsi:schemaLocation="http://maven.apache.org/POM/4.0.0 http://maven.apache.org/maven-v4_0_0.xsd">
  <modelVersion>4.0.0</modelVersion>
  <groupId>ru.job4j</groupId>
  <artifactId>job4j_design</artifactId>
  <version>1.0-SNAPSHOT</version>
  <build>
    <plugins>
      <plugin>
        <artifactId>maven-checkstyle-plugin</artifactId>
        <version>3.1.2</version>
        <executions>
          <execution>
            <id>validate</id>
            <phase>validate</phase>
            <goals>
              <goal>check</goal>
            </goals>
            <configuration>
              <configLocation>checkstyle.xml</configLocation>
              <encoding>UTF-8</encoding>
              <consoleOutput>true</consoleOutput>
              <failsOnError>true</failsOnError>
              <includeTestSourceDirectory>true</includeTestSourceDirectory>
            </configuration>
          </execution>
        </executions>
        <dependencies>
          <dependency>
            <groupId>com.puppycrawl.tools</groupId>
            <artifactId>checkstyle</artifactId>
            <version>9.0</version>
          </dependency>
        </dependencies>
      </plugin>
      <plugin>
        <groupId>org.jacoco</groupId>
        <artifactId>jacoco-maven-plugin</artifactId>
        <version>0.8.7</version>
        <executions>
          <execution>
            <goals>
              <goal>prepare-agent</goal>
            </goals>
          </execution>
          <execution>
            <id>report</id>
            <phase>test</phase>
            <goals>
              <goal>report</goal>
            </goals>
          </execution>
        </executions>
      </plugin>
      <plugin>
        <artifactId>maven-shade-plugin</artifactId>
        <version>3.3.0</version>
        <executions>
          <execution>
            <phase>package</phase>
            <goals>
              <goal>shade</goal>
            </goals>
            <configuration>
              <finalName>duplicatesFinder</finalName>
              <transformers>
                <transformer>
                  <mainClass>ru.job4j.io.duplicates.DuplicatesFinder</mainClass>
                </transformer>
              </transformers>
            </configuration>
          </execution>
        </executions>
      </plugin>
    </plugins>
  </build>
  <dependencies>
    <dependency>
      <groupId>org.hamcrest</groupId>
      <artifactId>hamcrest-all</artifactId>
      <version>1.3</version>
      <scope>test</scope>
    </dependency>
    <dependency>
      <groupId>junit</groupId>
      <artifactId>junit</artifactId>
      <version>4.12</version>
      <scope>test</scope>
      <exclusions>
        <exclusion>
          <artifactId>hamcrest-core</artifactId>
          <groupId>org.hamcrest</groupId>
        </exclusion>
      </exclusions>
    </dependency>
  </dependencies>
  <properties>
    <maven.compiler.target>16</maven.compiler.target>
    <maven.compiler.source>16</maven.compiler.source>
    <project.build.sourceEncoding>UTF-8</project.build.sourceEncoding>
    <project.reporting.outputEncoding>UTF-8</project.reporting.outputEncoding>
  </properties>
</project>
